2019-03-07 22:29:04,KGI517-1-B143,2
2019-03-07 22:29:04,KGI517-1-Cafe1,4
2019-03-07 22:29:04,KGI517-1-CompLab-Hallway,1
2019-03-07 22:29:04,KGI517-1-PharmaceuticalLab,2
2019-03-07 22:29:04,KGI517-1-SoP-EmpLounge,1
2019-03-07 22:29:04,KGI517-2-Cafe2,2
2019-03-07 22:29:04,KGI517-2-TMP-Area-1,2
2019-03-07 22:29:04,KGI517-2-TMP-Area-2,4
2019-03-07 22:29:04,KGI517-2-TMP-Area-3,1
2019-03-07 22:29:04,KGI517-CLR129-2,4
2019-03-07 22:29:04,KGI517-CLR129-3,1
2019-03-07 22:29:04,KGI517-CLR138-1,2
2019-03-07 22:29:04,KGI517-CLR138-2,1
2019-03-07 22:29:04,KGI517-CLR138-4,1
2019-03-07 22:29:04,KGI517-CLR147-3,1
2019-03-07 22:29:04,KGI517-Ext-NW,1
2019-03-07 22:29:04,KGI517-Ext-SE,1
2019-03-07 22:29:04,KGI517-Founders-4,1
2019-03-07 22:29:04,KGI517-PharmLab,3
2019-03-07 22:29:04,KGI535-Admissions,13
2019-03-07 22:29:04,KGI535-EmpLounge-1,5
2019-03-07 22:29:04,KGI535-Ext-SE,7
2019-03-07 22:29:04,KGI535-Ext-SW,2
2019-03-07 22:29:04,KGI535-Hallway-AV-Closet-t,7
2019-03-07 22:29:04,KGI535-LectureHall-1,3
2019-03-07 22:29:04,KGI535-LectureHall-2,10
2019-03-07 22:29:04,KGI535-LectureHall-3,11
2019-03-07 22:29:04,KGI535-West-ConfRM-t,4
2019-03-07 22:29:04,POM- POMONA-B110-AP205-4,4
2019-03-07 22:29:04,POM-345C-ATTC-AP205-11,4
2019-03-07 22:29:04,POM-345COLLEGE-AP135-3,2
2019-03-07 22:29:04,POM-ALEXANDER-SR-AP205-5,4
2019-03-07 22:29:04,POM-ALEXANDER101-AP205-10,3
2019-03-07 22:29:04,POM-ALEXANDER108-AP205-24,9
2019-03-07 22:29:04,POM-ALEXANDER116-AP205-12,3
2019-03-07 22:29:04,POM-ALEXANDER118-AP205-24,8
2019-03-07 22:29:04,POM-ALEXANDER122A-AP205-23,6
2019-03-07 22:29:04,POM-ALEXANDER133-AP205-12,1
2019-03-07 22:29:04,POM-ALEXANDER134-AP205-2,1
2019-03-07 22:29:04,POM-ALEXANDER149-AP205-8,1
2019-03-07 22:29:04,POM-ALEXANDER1C09-AP205-2,9
2019-03-07 22:29:04,POM-ALEXANDER204-AP205-17,1
2019-03-07 22:29:04,POM-ALEXANDER208-AP205-8,1
2019-03-07 22:29:04,POM-ALEXANDER215-AP205-15,1
2019-03-07 22:29:04,POM-ALEXANDER224-AP205-3,4
2019-03-07 22:29:04,POM-ALEXANDER235B-AP205-16,3
2019-03-07 22:29:04,POM-ALEXANDER238-AP205-16,2
2019-03-07 22:29:04,POM-ALEXANDER241-AP205-17,1
2019-03-07 22:29:04,POM-ALEXANDER244-AP205-13,3
2019-03-07 22:29:04,POM-ALEXANDER251-AP205-13,4
2019-03-07 22:29:04,POM-ANDREW1213-AP205-39,4
2019-03-07 22:29:04,POM-ANDREW1237-AP205-41,3
2019-03-07 22:29:04,POM-ANDREW2161-AP205-42,7
2019-03-07 22:29:04,POM-ANDREW2273-AP205-47,5
2019-03-07 22:29:04,POM-BALDWIN-MDF-AP135-11,1
2019-03-07 22:29:04,POM-BRIDGES-CREWLNGE-AP205-11,1
2019-03-07 22:29:04,POM-BRIDGES-JANOFFIC-AP205-24,3
2019-03-07 22:29:04,POM-BRIDGES-MUSEUM-AP205-3,2
2019-03-07 22:29:04,POM-CARNEGIE004-AP205-9,3
2019-03-07 22:29:04,POM-CARNEGIE012-AP205-1,2
2019-03-07 22:29:04,POM-CARNEGIE021-AP205-24,2
2019-03-07 22:29:04,POM-CARNEGIE109-AP215-3,1
2019-03-07 22:29:04,POM-CARNEGIE205-AP215-7,1
2019-03-07 22:29:04,POM-CARNEGIE214-AP215-5,4
2019-03-07 22:29:04,POM-CARNEGIE215-AP215-5,1
2019-03-07 22:29:04,POM-CLARK3-101-AP205-6,3
2019-03-07 22:29:04,POM-CLARK3-106-AP205-12,3
2019-03-07 22:29:04,POM-CLARK3-110-AP205-9,1
2019-03-07 22:29:04,POM-CLARK3-113-AP205-8,2
2019-03-07 22:29:04,POM-CLARK3-120-AP205-3,6
2019-03-07 22:29:04,POM-CLARK3-121-AP205-7,5
2019-03-07 22:29:04,POM-CLARK3-205-AP205-23,1
2019-03-07 22:29:04,POM-CLARK3-207-AP205-20,2
2019-03-07 22:29:04,POM-CLARK3-210-AP205-16,4
2019-03-07 22:29:04,POM-CLARK3-213-AP205-5,6
2019-03-07 22:29:04,POM-CLARK3-215-AP205-15,4
2019-03-07 22:29:04,POM-CLARK3-220-AP205-1,6
2019-03-07 22:29:04,POM-CLARK3-221-AP205-6,6
2019-03-07 22:29:04,POM-CLARK3-223-AP205-10,3
2019-03-07 22:29:04,POM-CLARK3-225-AP205-5,4
2019-03-07 22:29:04,POM-CLARK3-301-AP205-18,2
2019-03-07 22:29:04,POM-CLARK3-307-AP205-2,5
2019-03-07 22:29:04,POM-CLARK3-314-AP205-1,3
2019-03-07 22:29:04,POM-CLARK3-319-AP205-4,2
2019-03-07 22:29:04,POM-CLARK3-DC-AP205-10,2
2019-03-07 22:29:04,POM-CLARKI203-AP205-1,1
2019-03-07 22:29:04,POM-CLARKI213-AP205-14,1
2019-03-07 22:29:04,POM-CLARKV-S26A-AP205-21,1
2019-03-07 22:29:04,POM-CLARKV429-AP205-22,1
2019-03-07 22:29:04,POM-CLARKV432-AP205-5,1
2019-03-07 22:29:04,POM-CLARKV447-AP205-15,4
2019-03-07 22:29:04,POM-CLARKV474-AP205-13,1
2019-03-07 22:29:04,POM-CROOKSHANK002-AP205-2,3
2019-03-07 22:29:04,POM-CROOKSHANK008-AP205-4,5
2019-03-07 22:29:04,POM-CROOKSHANK010-AP205-1,2
2019-03-07 22:29:04,POM-CROOKSHANK101-AP205-24,2
2019-03-07 22:29:04,POM-CROOKSHANK207-AP205-7,4
2019-03-07 22:29:04,POM-CROOKSHANK210-AP205-3,2
2019-03-07 22:29:04,POM-DRAPER100-AP205-23,1
2019-03-07 22:29:04,POM-FRARY-DR-AP215-17,12
2019-03-07 22:29:04,POM-FRARY-DR-AP215-22,5
2019-03-07 22:29:04,POM-FRARY115-AP205-21,9
2019-03-07 22:29:04,POM-GIBSON408-AP205-4,2
2019-03-07 22:29:04,POM-GIBSON410-AP205-2,1
2019-03-07 22:29:04,POM-GROUNDS-AP135-1,1
2019-03-07 22:29:04,POM-GROUNDS-AP135-2,1
2019-03-07 22:29:04,POM-GROUNDS-AP135-3,1
2019-03-07 22:29:04,POM-GROUNDS-AP135-5,1
2019-03-07 22:29:04,POM-GROUNDS-AP135-6,1
2019-03-07 22:29:04,POM-GROUNDS-AP135-9,2
2019-03-07 22:29:04,POM-HAHN103-AP205-19,1
2019-03-07 22:29:04,POM-HAHN107-AP215-5,1
2019-03-07 22:29:04,POM-HAHN108-AP215-1,1
2019-03-07 22:29:04,POM-HAHN205-AP205-11,1
2019-03-07 22:29:04,POM-ITB105-AP225-4,14
2019-03-07 22:29:04,POM-ITB113-AP225-5,4
2019-03-07 22:29:04,POM-ITB121-AP215-1,25
2019-03-07 22:29:04,POM-ITB121-AP225-2,14
2019-03-07 22:29:04,POM-KENYON100-AP205-47,13
2019-03-07 22:29:04,POM-KENYON200-AP205-26,10
2019-03-07 22:29:04,POM-LAWRY-A12-AP205-11,1
2019-03-07 22:29:04,POM-LAWRY-B35-AP205-8,1
2019-03-07 22:29:04,POM-LEB-E101-AP215-23,1
2019-03-07 22:29:04,POM-LEB-E114-AP205-24,17
2019-03-07 22:29:04,POM-LEB-E136-AP205-21,1
2019-03-07 22:29:04,POM-LEB-E219-AP205-20,13
2019-03-07 22:29:04,POM-LEB-E227-AP215-19,31
2019-03-07 22:29:04,POM-LEB-E248-AP215-18,4
2019-03-07 22:29:04,POM-LEB-EBCS-AP105-17,1
2019-03-07 22:29:04,POM-LEB-L1121-AP205-24,8
2019-03-07 22:29:04,POM-LEB-L1125-AP215-9,2
2019-03-07 22:29:04,POM-LEB-L1135-AP215-24,2
2019-03-07 22:29:04,POM-LEB-L2148-AP205-23,11
2019-03-07 22:29:04,POM-LEB-L2152-AP205-9,3
2019-03-07 22:29:04,POM-LEB-L3108-AP215-22,5
2019-03-07 22:29:04,POM-LEB-L3139-AP205-4,2
2019-03-07 22:29:04,POM-LEBUS103-AP205-22,2
2019-03-07 22:29:04,POM-LEBUS201-AP205-18,1
2019-03-07 22:29:04,POM-LEBUS217-AP205-12,1
2019-03-07 22:29:04,POM-MASON003-AP205-1,6
2019-03-07 22:29:04,POM-MASON005-AP205-2,38
2019-03-07 22:29:04,POM-MASON011-AP205-3,5
2019-03-07 22:29:04,POM-MASON013-AP205-20,11
2019-03-07 22:29:04,POM-MASON019-AP205-4,46
2019-03-07 22:29:04,POM-MASON023-AP205-5,16
2019-03-07 22:29:04,POM-MASON100-AP205-11,7
2019-03-07 22:29:04,POM-MASON101-AP205-6,2
2019-03-07 22:29:04,POM-MASON106-AP205-7,3
2019-03-07 22:29:04,POM-MASON122-AP205-10,2
2019-03-07 22:29:04,POM-MASON209-AP205-13,1
2019-03-07 22:29:04,POM-MASON232-AP205-16,3
2019-03-07 22:29:04,POM-MCCARTHY-AP135-22,1
2019-03-07 22:29:04,POM-MCCARTHY-AP135-23,5
2019-03-07 22:29:04,POM-MILLIKAN0005-AP205-1,2
2019-03-07 22:29:04,POM-MILLIKAN0059-AP205-4,3
2019-03-07 22:29:04,POM-MILLIKAN0103-AP205-6,1
2019-03-07 22:29:04,POM-MILLIKAN0103-AP205-7,2
2019-03-07 22:29:04,POM-MILLIKAN0137-AP205-8,1
2019-03-07 22:29:04,POM-MILLIKAN0251-AP205-10,3
2019-03-07 22:29:04,POM-MILLIKAN0269-AP205-11,7
2019-03-07 22:29:04,POM-MILLIKAN1019-AP205-13,1
2019-03-07 22:29:04,POM-MILLIKAN1091-AP205-16,2
2019-03-07 22:29:04,POM-MILLIKAN1097-AP205-17,9
2019-03-07 22:29:04,POM-MILLIKAN1117-AP205-18,1
2019-03-07 22:29:04,POM-MILLIKAN1153-AP205-19,1
2019-03-07 22:29:04,POM-MILLIKAN1163-AP205-20,10
2019-03-07 22:29:04,POM-MILLIKAN1181-AP205-21,21
2019-03-07 22:29:04,POM-MILLIKAN1277-AP205-26,12
2019-03-07 22:29:04,POM-MILLIKAN1291-AP205-28,1
2019-03-07 22:29:04,POM-MILLIKAN1303-AP205-29,2
2019-03-07 22:29:04,POM-MILLIKAN2141-AP205-27,3
2019-03-07 22:29:04,POM-MILLIKAN2341-AP205-25,2
2019-03-07 22:29:04,POM-MILLIKAN2357-AP205-29,3
2019-03-07 22:29:04,POM-MILLIKAN2993-AP205-33,5
2019-03-07 22:29:04,POM-MUSEUM101-AP205-23,1
2019-03-07 22:29:04,POM-MUSEUM105-AP205-20,1
2019-03-07 22:29:04,POM-MUSEUM108-AP205-19,1
2019-03-07 22:29:04,POM-MUSEUM117-AP205-4,1
2019-03-07 22:29:04,POM-NORTON12-AP205-13,5
2019-03-07 22:29:04,POM-NORTON18-AP205-24,9
2019-03-07 22:29:04,POM-NORTON23-AP205-17,4
2019-03-07 22:29:04,POM-NORTON24-AP205-22,5
2019-03-07 22:29:04,POM-NORTON34-AP205-14,6
2019-03-07 22:29:04,POM-NORTON5-AP205-19,4
2019-03-07 22:29:04,POM-OLDENBORG-B26-AP205-47,4
2019-03-07 22:29:04,POM-OLDENBORG106-AP205-29,1
2019-03-07 22:29:04,POM-OLDENBORG110-AP205-13,1
2019-03-07 22:29:04,POM-OLDENBORG115-AP205-30,1
2019-03-07 22:29:04,POM-OLDENBORG120-AP205-2,1
2019-03-07 22:29:04,POM-OLDENBORG131-AP205-8,2
2019-03-07 22:29:04,POM-OLDENBORG133-AP205-7,1
2019-03-07 22:29:04,POM-OLDENBORG139-AP205-28,1
2019-03-07 22:29:04,POM-OLDENBORG1S-AP205-24,1
2019-03-07 22:29:04,POM-OLDENBORG202-AP205-9,1
2019-03-07 22:29:04,POM-OLDENBORG203-AP205-10,2
2019-03-07 22:29:04,POM-OLDENBORG204-AP205-46,4
2019-03-07 22:29:04,POM-OLDENBORG211-AP205-35,1
2019-03-07 22:29:04,POM-OLDENBORG217-AP205-38,1
2019-03-07 22:29:04,POM-OLDENBORG220-AP205-6,2
2019-03-07 22:29:04,POM-OLDENBORG222-AP205-19,1
2019-03-07 22:29:04,POM-OLDENBORG249-AP205-1,3
2019-03-07 22:29:04,POM-OLDENBORG266-AP205-45,2
2019-03-07 22:29:04,POM-OLDENBORG267-AP205-5,2
2019-03-07 22:29:04,POM-OLDENBORGRES100-AP205-1,1
2019-03-07 22:29:04,POM-OLDENBORGRES104-AP205-2,1
2019-03-07 22:29:04,POM-OLDENBROGRES101-AP205-2,1
2019-03-07 22:29:04,POM-PAULEY002-AP215-3,14
2019-03-07 22:29:04,POM-PAULEY003-AP215-1,3
2019-03-07 22:29:04,POM-PEARSONS003-AP205-1,1
2019-03-07 22:29:04,POM-PEARSONS009-AP205-2,3
2019-03-07 22:29:04,POM-PEARSONS101-AP215-6,1
2019-03-07 22:29:04,POM-PEARSONS102-AP205-7,1
2019-03-07 22:29:04,POM-PEARSONS202-AP205-5,2
2019-03-07 22:29:04,POM-PENDLETON-BUS-BR-AP205-42,7
2019-03-07 22:29:04,POM-PENDLETON-BUS-SA-AP205-47,5
2019-03-07 22:29:04,POM-PENDLETON-BUS106-AP205-39,4
2019-03-07 22:29:04,POM-PENDLETON-BUS111-AP205-46,5
2019-03-07 22:29:04,POM-PENDLETON-BUS114-AP205-45,3
2019-03-07 22:29:04,POM-PENDLETON-BUS119-AP205-44,4
2019-03-07 22:29:04,POM-PENDLETON-BUS121-AP205-43,6
2019-03-07 22:29:04,POM-PENDLETON-BUS129-AP205-40,3
2019-03-07 22:29:04,POM-PENDLETON017-AP225-11,2
2019-03-07 22:29:04,POM-PENDLETON107-AP205-23,1
2019-03-07 22:29:04,POM-POMONA-B100-AP205-3,9
2019-03-07 22:29:04,POM-POMONA-B130-AP205-2,3
2019-03-07 22:29:04,POM-POMONA-B140-AP205-1,3
2019-03-07 22:29:04,POM-POMONA-B140-AP205-48,2
2019-03-07 22:29:04,POM-POMONA-B161-AP205-5,1
2019-03-07 22:29:04,POM-POMONA-B175-AP205-8,1
2019-03-07 22:29:04,POM-POMONA-B200-AP205-11,3
2019-03-07 22:29:04,POM-POMONA-B210-AP205-13,3
2019-03-07 22:29:04,POM-POMONA-B220-AP205-10,7
2019-03-07 22:29:04,POM-POMONA-B230-AP205-9,7
2019-03-07 22:29:04,POM-POMONA-B240-AP205-10,3
2019-03-07 22:29:04,POM-POMONA-B259-AP205-21,5
2019-03-07 22:29:04,POM-POMONA-B259-AP205-6,4
2019-03-07 22:29:04,POM-POMONA-B260-AP205-7,3
2019-03-07 22:29:04,POM-POMONA-B270-AP205-14,10
2019-03-07 22:29:04,POM-POMONA-B288-AP205-15,15
2019-03-07 22:29:04,POM-POMONA-B304-AP205-20,10
2019-03-07 22:29:04,POM-POMONA-B310-AP205-18,4
2019-03-07 22:29:04,POM-POMONA-B320-AP205-9,1
2019-03-07 22:29:04,POM-POMONA-B330-AP205-8,2
2019-03-07 22:29:04,POM-POMONA-B340-AP205-17,7
2019-03-07 22:29:04,POM-POMONA-B359-AP205-16,8
2019-03-07 22:29:04,POM-RAINS-CLASS-AP215-17,4
2019-03-07 22:29:04,POM-RAINS100-AP205-16,1
2019-03-07 22:29:04,POM-RAINS118-AP205-21,1
2019-03-07 22:29:04,POM-RAINS147-AP205-22,1
2019-03-07 22:29:04,POM-RAINS211-AP205-20,4
2019-03-07 22:29:04,POM-RAINS212-AP205-19,5
2019-03-07 22:29:04,POM-RAINS222-AP205-18,1
2019-03-07 22:29:04,POM-RAINS227-AP205-21,10
2019-03-07 22:29:04,POM-REMBRANDT109-AP205-10,2
2019-03-07 22:29:04,POM-RENWICK1-AP135,2
2019-03-07 22:29:04,POM-RENWICK2-AP135,2
2019-03-07 22:29:04,POM-SCC015-AP205-23,2
2019-03-07 22:29:04,POM-SCC016-AP215-21,73
2019-03-07 22:29:04,POM-SCC016-AP215-22,60
2019-03-07 22:29:04,POM-SCC039-AP205-XX,3
2019-03-07 22:29:04,POM-SCC121-AP225-22,4
2019-03-07 22:29:04,POM-SCC121-AP225-4,5
2019-03-07 22:29:04,POM-SCC128-AP205-3,2
2019-03-07 22:29:04,POM-SCC133-AP205-4,1
2019-03-07 22:29:04,POM-SCC137-AP205-7,1
2019-03-07 22:29:04,POM-SCC148-AP205-16,2
2019-03-07 22:29:04,POM-SCC212-AP205-2,1
2019-03-07 22:29:04,POM-SCC217-AP205-23,1
2019-03-07 22:29:04,POM-SCC228-AP205-14,4
2019-03-07 22:29:04,POM-SCC244-AP205-18,1
2019-03-07 22:29:04,POM-SCFPS-MDF-AP105-48,1
2019-03-07 22:29:04,POM-SEAVER-HOUSE004-AP205-6,1
2019-03-07 22:29:04,POM-SEAVER-HOUSE102-AP205-25,11
2019-03-07 22:29:04,POM-SEAVER-HOUSE104-AP205-37,6
2019-03-07 22:29:04,POM-SEAVER-HOUSE201-AP205-34,3
2019-03-07 22:29:04,POM-SEAVER-HOUSE203-AP205-40,6
2019-03-07 22:29:04,POM-SEAVER-N217-AP205-3,1
2019-03-07 22:29:04,POM-SEAVER-NORTH007-AP215-1,1
2019-03-07 22:29:04,POM-SEAVER-NORTH023-AP205-3,3
2019-03-07 22:29:04,POM-SEAVER-NORTH029-AP205-4,5
2019-03-07 22:29:04,POM-SEAVER-NORTH106-AP205-5,10
2019-03-07 22:29:04,POM-SEAVER-NORTH111-AP205-8,1
2019-03-07 22:29:04,POM-SEAVER-NORTH119-AP215-12,2
2019-03-07 22:29:04,POM-SEAVER-NORTH209-AP205-20,3
2019-03-07 22:29:04,POM-SEAVER-NORTH212-AP205-10,2
2019-03-07 22:29:04,POM-SEAVER-SOUTH053-AP205-5,1
2019-03-07 22:29:04,POM-SEAVER-SOUTH102-AP205-7,1
2019-03-07 22:29:04,POM-SEAVER-SOUTH102-AP215-10,8
2019-03-07 22:29:04,POM-SEAVER-SOUTH113-AP205-8,1
2019-03-07 22:29:04,POM-SEAVER-SOUTH122-AP215-10,2
2019-03-07 22:29:04,POM-SEAVER-SOUTH128-AP205-11,7
2019-03-07 22:29:04,POM-SEAVER-SOUTH211-AP205-14,2
2019-03-07 22:29:04,POM-SEAVER-SOUTH221-AP205-15,1
2019-03-07 22:29:04,POM-SEAVER-SOUTH227-AP205-17,8
2019-03-07 22:29:04,POM-SEAVER-THEATRE100-AP205-17,1
2019-03-07 22:29:04,POM-SEAVER-THEATRE116-AP205-25,1
2019-03-07 22:29:04,POM-SEAVER-THEATRE120-AP215-18,7
2019-03-07 22:29:04,POM-SEAVER-THEATRE200-AP205-23,1
2019-03-07 22:29:04,POM-SEAVER-WEST013-AP205-3,1
2019-03-07 22:29:04,POM-SEAVER-WEST017-AP205-4,2
2019-03-07 22:29:04,POM-SEAVER-WEST023-AP205-5,1
2019-03-07 22:29:04,POM-SEAVER-WEST024-AP205-6,1
2019-03-07 22:29:04,POM-SEAVER-WEST038-AP215-7,1
2019-03-07 22:29:04,POM-SEAVER-WEST111-AP205-10,5
2019-03-07 22:29:04,POM-SEAVER-WEST116-AP205-11,4
2019-03-07 22:29:04,POM-SEAVER-WEST140-AP205-15,3
2019-03-07 22:29:04,POM-SEAVER-WEST207-AP205-18,1
2019-03-07 22:29:04,POM-SEAVER-WEST213-AP205-19,2
2019-03-07 22:29:04,POM-SEAVER-WEST214-AP205-20,2
2019-03-07 22:29:04,POM-SEAVER-WEST223-AP205-22,1
2019-03-07 22:29:04,POM-SEAVER-WEST238-AP205-24,1
2019-03-07 22:29:04,POM-SGM-CMMNS-AP135-9,5
2019-03-07 22:29:04,POM-SGM110-AP135-6,1
2019-03-07 22:29:04,POM-SGM130B-AP135-23,4
2019-03-07 22:29:04,POM-SGM133-AP135-14,4
2019-03-07 22:29:04,POM-SMILEY-A4L-AP205-17,1
2019-03-07 22:29:04,POM-SONTAG-A100-AP205-4,3
2019-03-07 22:29:04,POM-SONTAG-A110-AP205-2,2
2019-03-07 22:29:04,POM-SONTAG-A120-AP205-3,2
2019-03-07 22:29:04,POM-SONTAG-A139-AP205-1,2
2019-03-07 22:29:04,POM-SONTAG-A140-AP205-18,1
2019-03-07 22:29:04,POM-SONTAG-A150-AP205-6,2
2019-03-07 22:29:04,POM-SONTAG-A169-AP205-7,8
2019-03-07 22:29:04,POM-SONTAG-A175-AP205-5,4
2019-03-07 22:29:04,POM-SONTAG-A200-AP205-11,4
2019-03-07 22:29:04,POM-SONTAG-A210-AP205-9,5
2019-03-07 22:29:04,POM-SONTAG-A239-AP205-8,12
2019-03-07 22:29:04,POM-SONTAG-A250-AP205- 13,11
2019-03-07 22:29:04,POM-SONTAG-A269-AP205-14,10
2019-03-07 22:29:04,POM-SONTAG-A300-AP205-18,2
2019-03-07 22:29:04,POM-SONTAG-A310-AP205-22,1
2019-03-07 22:29:04,POM-SONTAG-A320-AP205-17,4
2019-03-07 22:29:04,POM-SONTAG-A339-AP205-15,11
2019-03-07 22:29:04,POM-SONTAG-A343-AP205-19,1
2019-03-07 22:29:04,POM-SUMNER-HOUSE-107-AP205-8,4
2019-03-07 22:29:04,POM-SUMNER-HOUSE207-AP205-7,5
2019-03-07 22:29:04,POM-SUMNER1-AP205-4,1
2019-03-07 22:29:04,POM-SUMNER112-AP205-3,1
2019-03-07 22:29:04,POM-SUMNER1C02-AP215-22,7
2019-03-07 22:29:04,POM-SUMNER1C10-AP215-20,4
2019-03-07 22:29:04,POM-SUMNER207-AP205-48,8
2019-03-07 22:29:04,POM-SUMNER212-AP205-2,6
2019-03-07 22:29:04,POM-WALKER107C-AP215-15,3
2019-03-07 22:29:04,POM-WALKER603-AP205-1,1
2019-03-07 22:29:04,POM-WALKER610-AP205-3,2
2019-03-07 22:29:04,POM-WALKER612-AP205-10,1
2019-03-07 22:29:04,POM-WALKER618-AP205-1,1
2019-03-07 22:29:04,POM-WALKER620-AP205-2,1
2019-03-07 22:29:04,POM-WALKER623-AP205-3,2
2019-03-07 22:29:04,POM-WALKER625-AP205-14,3
2019-03-07 22:29:04,POM-WALKER627-AP205-4,1
2019-03-07 22:29:04,POM-WALKER635-AP205-5,2
2019-03-07 22:29:04,POM-WALKER640-AP205-14,2
2019-03-07 22:29:04,POM-WALKER642-AP205-4,4
2019-03-07 22:29:04,POM-WALKER650-AP205-5,2
2019-03-07 22:29:04,POM-WALKER653-AP205-15,2
2019-03-07 22:29:04,POM-WALKER654-AP205-13,1
2019-03-07 22:29:04,POM-WALKER656-AP205-13,1
2019-03-07 22:29:04,POM-WALKER712-AP205-7,1
2019-03-07 22:29:04,POM-WALKER720-AP205-7,1
2019-03-07 22:29:04,POM-WALKER733-AP205-10,1
2019-03-07 22:29:04,POM-WALKER738-AP205-21,2
2019-03-07 22:29:04,POM-WALKER746-AP205-8,2
2019-03-07 22:29:04,POM-WALKERTSL-AP215-22,3
2019-03-07 22:29:04,POM-WALTON-AP135-29,6
2019-03-07 22:29:04,188-7TH-1,1
2019-03-07 22:29:04,188-7TH-2,1
2019-03-07 22:29:04,188-7TH-GARAGE,1
2019-03-07 22:29:04,AP7069.5A21.7106,1
2019-03-07 22:29:04,AP7872.5D62.19DE,1
2019-03-07 22:29:04,AP7872.5DF7.06A0,1
2019-03-07 22:29:04,APB08B.CFA8.6F04,1
2019-03-07 22:29:04,POM-345-COLLEGE-1,1
2019-03-07 22:29:04,POM-345-COLLEGE-101,1
2019-03-07 22:29:04,POM-345-COLLEGE-103,1
2019-03-07 22:29:04,POM-345-COLLEGE-301A,1
2019-03-07 22:29:04,POM-345-COLLEGE-303,1
2019-03-07 22:29:04,POM-ALEXANDER-001,1
2019-03-07 22:29:04,POM-ALEXANDER-102,1
2019-03-07 22:29:04,POM-ALEXANDER-110,1
2019-03-07 22:29:04,POM-ALEXANDER-116,1
2019-03-07 22:29:04,POM-ALEXANDER-117,1
2019-03-07 22:29:04,POM-ALEXANDER-122,1
2019-03-07 22:29:04,POM-ALEXANDER-134,1
2019-03-07 22:29:04,POM-ALEXANDER-137,1
2019-03-07 22:29:04,POM-ALEXANDER-143,1
2019-03-07 22:29:04,POM-ALEXANDER-145,1
2019-03-07 22:29:04,POM-ALEXANDER-154,1
2019-03-07 22:29:04,POM-ALEXANDER-204,1
2019-03-07 22:29:04,POM-ALEXANDER-206,1
2019-03-07 22:29:04,POM-ALEXANDER-215,1
2019-03-07 22:29:04,POM-ALEXANDER-216,1
2019-03-07 22:29:04,POM-ALEXANDER-217,1
2019-03-07 22:29:04,POM-ALEXANDER-219,1
2019-03-07 22:29:04,POM-ALEXANDER-234,1
2019-03-07 22:29:04,POM-ALEXANDER-235,1
2019-03-07 22:29:04,POM-ALEXANDER-242,1
2019-03-07 22:29:04,POM-ALEXANDER-251,1
2019-03-07 22:29:04,POM-ALEXANDER-AAA,1
2019-03-07 22:29:04,POM-CLARKI-1,1
2019-03-07 22:29:04,POM-CLARKI-100,1
2019-03-07 22:29:04,POM-CLARKI-103,1
2019-03-07 22:29:04,POM-CLARKI-105,1
2019-03-07 22:29:04,POM-CLARKI-107,1
2019-03-07 22:29:04,POM-CLARKI-110,1
2019-03-07 22:29:04,POM-CLARKI-111,1
2019-03-07 22:29:04,POM-CLARKI-112,1
2019-03-07 22:29:04,POM-CLARKI-114A,1
2019-03-07 22:29:04,POM-CLARKI-115,1
2019-03-07 22:29:04,POM-CLARKI-117,1
2019-03-07 22:29:04,POM-CLARKI-12,1
2019-03-07 22:29:04,POM-CLARKI-120,1
2019-03-07 22:29:04,POM-CLARKI-121,1
2019-03-07 22:29:04,POM-CLARKI-123,1
2019-03-07 22:29:04,POM-CLARKI-125,1
2019-03-07 22:29:04,POM-CLARKI-131,1
2019-03-07 22:29:04,POM-CLARKI-134,1
2019-03-07 22:29:04,POM-CLARKI-1A-128,1
2019-03-07 22:29:04,POM-CLARKI-200,1
2019-03-07 22:29:04,POM-CLARKI-201,1
2019-03-07 22:29:04,POM-CLARKI-203,1
2019-03-07 22:29:04,POM-CLARKI-205,1
2019-03-07 22:29:04,POM-CLARKI-207,1
2019-03-07 22:29:04,POM-CLARKI-208,1
2019-03-07 22:29:04,POM-CLARKI-210,1
2019-03-07 22:29:04,POM-CLARKI-216,1
2019-03-07 22:29:04,POM-CLARKI-218,1
2019-03-07 22:29:04,POM-CLARKI-219,1
2019-03-07 22:29:04,POM-CLARKI-221,1
2019-03-07 22:29:04,POM-CLARKI-2A-128,1
2019-03-07 22:29:04,POM-CLARKIII-102,1
2019-03-07 22:29:04,POM-CLARKIII-103,1
2019-03-07 22:29:04,POM-CLARKIII-105,1
2019-03-07 22:29:04,POM-CLARKIII-108,1
2019-03-07 22:29:04,POM-CLARKIII-110,1
2019-03-07 22:29:04,POM-CLARKIII-112,1
2019-03-07 22:29:04,POM-CLARKIII-113,1
2019-03-07 22:29:04,POM-CLARKIII-117,1
2019-03-07 22:29:04,POM-CLARKIII-121,1
2019-03-07 22:29:04,POM-CLARKIII-203,1
2019-03-07 22:29:04,POM-CLARKIII-204,1
2019-03-07 22:29:04,POM-CLARKIII-207,1
2019-03-07 22:29:04,POM-CLARKIII-209,1
2019-03-07 22:29:04,POM-CLARKIII-213,1
2019-03-07 22:29:04,POM-CLARKIII-215,1
2019-03-07 22:29:04,POM-CLARKIII-216,1
2019-03-07 22:29:04,POM-CLARKIII-221,1
2019-03-07 22:29:04,POM-CLARKIII-225,1
2019-03-07 22:29:04,POM-CLARKIII-301,1
2019-03-07 22:29:04,POM-CLARKIII-308,1
2019-03-07 22:29:04,POM-CLARKIII-316,1
2019-03-07 22:29:04,POM-CLARKIII-318,1
2019-03-07 22:29:04,POM-CLARKV-2A,1
2019-03-07 22:29:04,POM-CLARKV-3B,1
2019-03-07 22:29:04,POM-CLARKV-401,1
2019-03-07 22:29:04,POM-CLARKV-407,1
2019-03-07 22:29:04,POM-CLARKV-412,1
2019-03-07 22:29:04,POM-CLARKV-418,1
2019-03-07 22:29:04,POM-CLARKV-425,1
2019-03-07 22:29:04,POM-CLARKV-428,1
2019-03-07 22:29:04,POM-CLARKV-435,1
2019-03-07 22:29:04,POM-CLARKV-440,1
2019-03-07 22:29:04,POM-CLARKV-442,1
2019-03-07 22:29:04,POM-CLARKV-443,1
2019-03-07 22:29:04,POM-CLARKV-446,1
2019-03-07 22:29:04,POM-CLARKV-451,1
2019-03-07 22:29:04,POM-CLARKV-454,1
2019-03-07 22:29:04,POM-CLARKV-457,1
2019-03-07 22:29:04,POM-CLARKV-460,1
2019-03-07 22:29:04,POM-CLARKV-465,1
2019-03-07 22:29:04,POM-CLARKV-470,1
2019-03-07 22:29:04,POM-CLARKV-474,1
2019-03-07 22:29:04,POM-CLARKV-AAA,1
2019-03-07 22:29:04,POM-CLARKV-S1,1
2019-03-07 22:29:04,POM-CLARKV-S21B,1
2019-03-07 22:29:04,POM-CLARKV-S22,1
2019-03-07 22:29:04,POM-CLARKV-S23B,1
2019-03-07 22:29:04,POM-CLARKV-S24A,1
2019-03-07 22:29:04,POM-CLARKV-S26A,1
2019-03-07 22:29:04,POM-CLARKV-S3,1
2019-03-07 22:29:04,POM-CLARKV-S5B,1
2019-03-07 22:29:04,POM-DIALYNAS-100,1
2019-03-07 22:29:04,POM-DIALYNAS-110,1
2019-03-07 22:29:04,POM-DIALYNAS-120,1
2019-03-07 22:29:04,POM-DIALYNAS-130,1
2019-03-07 22:29:04,POM-DIALYNAS-153,1
2019-03-07 22:29:04,POM-DIALYNAS-160,1
2019-03-07 22:29:04,POM-DIALYNAS-175,1
2019-03-07 22:29:04,POM-DIALYNAS-179,1
2019-03-07 22:29:04,POM-DIALYNAS-185,1
2019-03-07 22:29:04,POM-DIALYNAS-187,1
2019-03-07 22:29:04,POM-DIALYNAS-200,1
2019-03-07 22:29:04,POM-DIALYNAS-210,1
2019-03-07 22:29:04,POM-DIALYNAS-220,1
2019-03-07 22:29:04,POM-DIALYNAS-230,1
2019-03-07 22:29:04,POM-DIALYNAS-240,1
2019-03-07 22:29:04,POM-DIALYNAS-250,1
2019-03-07 22:29:04,POM-DIALYNAS-260,1
2019-03-07 22:29:04,POM-DIALYNAS-270,1
2019-03-07 22:29:04,POM-DIALYNAS-280,1
2019-03-07 22:29:04,POM-DIALYNAS-297,1
2019-03-07 22:29:04,POM-DIALYNAS-300,1
2019-03-07 22:29:04,POM-DIALYNAS-310,1
2019-03-07 22:29:04,POM-DIALYNAS-320,1
2019-03-07 22:29:04,POM-DIALYNAS-330,1
2019-03-07 22:29:04,POM-DIALYNAS-340,1
2019-03-07 22:29:04,POM-DIALYNAS-350,1
2019-03-07 22:29:04,POM-DIALYNAS-360,1
2019-03-07 22:29:04,POM-DIALYNAS-367,1
2019-03-07 22:29:04,POM-DIALYNAS-370,1
2019-03-07 22:29:04,POM-DIALYNAS-AAA,1
2019-03-07 22:29:04,POM-GIBSON-1,1
2019-03-07 22:29:04,POM-GIBSON-11,1
2019-03-07 22:29:04,POM-GIBSON-3,1
2019-03-07 22:29:04,POM-GIBSON-401,1
2019-03-07 22:29:04,POM-GIBSON-406,1
2019-03-07 22:29:04,POM-GIBSON-411,1
2019-03-07 22:29:04,POM-GIBSON-414,1
2019-03-07 22:29:04,POM-GIBSON-419,1
2019-03-07 22:29:04,POM-GIBSON-421,1
2019-03-07 22:29:04,POM-HAHN-101-1,1
2019-03-07 22:29:04,POM-HAHN-101-2,1
2019-03-07 22:29:04,POM-HAHN-103,1
2019-03-07 22:29:04,POM-HAHN-106,1
2019-03-07 22:29:04,POM-HAHN-107,1
2019-03-07 22:29:04,POM-HAHN-108,1
2019-03-07 22:29:04,POM-HAHN-110,1
2019-03-07 22:29:04,POM-HAHN-114,1
2019-03-07 22:29:04,POM-HAHN-204,1
2019-03-07 22:29:04,POM-HAHN-210,1
2019-03-07 22:29:04,POM-HAHN-212,1
2019-03-07 22:29:04,POM-HAHN-214,1
2019-03-07 22:29:04,POM-HAHN-216,1
2019-03-07 22:29:04,POM-HAHN-218,1
2019-03-07 22:29:04,POM-HAHN-222,1
2019-03-07 22:29:04,POM-HAHN-2C01,1
2019-03-07 22:29:04,POM-HARWOOD-1,1
2019-03-07 22:29:04,POM-HARWOOD-102,1
2019-03-07 22:29:04,POM-HARWOOD-108,1
2019-03-07 22:29:04,POM-HARWOOD-109,1
2019-03-07 22:29:04,POM-HARWOOD-110,1
2019-03-07 22:29:04,POM-HARWOOD-114,1
2019-03-07 22:29:04,POM-HARWOOD-117,1
2019-03-07 22:29:04,POM-HARWOOD-142,1
2019-03-07 22:29:04,POM-HARWOOD-147,1
2019-03-07 22:29:04,POM-HARWOOD-15,1
2019-03-07 22:29:04,POM-HARWOOD-153,1
2019-03-07 22:29:04,POM-HARWOOD-162,1
2019-03-07 22:29:04,POM-HARWOOD-170,1
2019-03-07 22:29:04,POM-HARWOOD-172,1
2019-03-07 22:29:04,POM-HARWOOD-178,1
2019-03-07 22:29:04,POM-HARWOOD-180,1
2019-03-07 22:29:04,POM-HARWOOD-189,1
2019-03-07 22:29:04,POM-HARWOOD-1K04,1
2019-03-07 22:29:04,POM-HARWOOD-200,1
2019-03-07 22:29:04,POM-HARWOOD-204,1
2019-03-07 22:29:04,POM-HARWOOD-209,1
2019-03-07 22:29:04,POM-HARWOOD-219,1
2019-03-07 22:29:04,POM-HARWOOD-223,1
2019-03-07 22:29:04,POM-HARWOOD-228,1
2019-03-07 22:29:04,POM-HARWOOD-233,1
2019-03-07 22:29:04,POM-HARWOOD-238,1
2019-03-07 22:29:04,POM-HARWOOD-244,1
2019-03-07 22:29:04,POM-HARWOOD-245,1
2019-03-07 22:29:04,POM-HARWOOD-249,1
2019-03-07 22:29:04,POM-HARWOOD-255,1
2019-03-07 22:29:04,POM-HARWOOD-263,1
2019-03-07 22:29:04,POM-HARWOOD-270,1
2019-03-07 22:29:04,POM-HARWOOD-272,1
2019-03-07 22:29:04,POM-HARWOOD-278,1
2019-03-07 22:29:04,POM-HARWOOD-279,1
2019-03-07 22:29:04,POM-HARWOOD-282,1
2019-03-07 22:29:04,POM-HARWOOD-285,1
2019-03-07 22:29:04,POM-HARWOOD-2C02,1
2019-03-07 22:29:04,POM-HARWOOD-302,1
2019-03-07 22:29:04,POM-HARWOOD-319,1
2019-03-07 22:29:04,POM-HARWOOD-325,1
2019-03-07 22:29:04,POM-HARWOOD-342,1
2019-03-07 22:29:04,POM-HARWOOD-347,1
2019-03-07 22:29:04,POM-HARWOOD-378,1
2019-03-07 22:29:04,POM-HARWOOD-379,1
2019-03-07 22:29:04,POM-HARWOOD-4,1
2019-03-07 22:29:04,POM-HARWOOD-49,1
2019-03-07 22:29:04,POM-HARWOOD-5,1
2019-03-07 22:29:04,POM-HARWOOD-65,1
2019-03-07 22:29:04,POM-HARWOOD-75,1
2019-03-07 22:29:04,POM-HARWOOD-77,1
2019-03-07 22:29:04,POM-HARWOOD-84,1
2019-03-07 22:29:04,POM-HARWOOD-85,1
2019-03-07 22:29:04,POM-HARWOOD-BC03,1
2019-03-07 22:29:04,POM-HARWOOD-BC04,1
2019-03-07 22:29:04,POM-ITB-105,1
2019-03-07 22:29:04,POM-ITB-110,1
2019-03-07 22:29:04,POM-ITB-113,1
2019-03-07 22:29:04,POM-ITB-115,1
2019-03-07 22:29:04,POM-ITB-120,1
2019-03-07 22:29:04,POM-ITB-121-1,1
2019-03-07 22:29:04,POM-ITB-121-2,1
2019-03-07 22:29:04,POM-LAWRY-A11,1
2019-03-07 22:29:04,POM-LAWRY-A12,1
2019-03-07 22:29:04,POM-LAWRY-A18,1
2019-03-07 22:29:04,POM-LAWRY-A20,1
2019-03-07 22:29:04,POM-LAWRY-A25,1
2019-03-07 22:29:04,POM-LAWRY-A26,1
2019-03-07 22:29:04,POM-LAWRY-A32,1
2019-03-07 22:29:04,POM-LAWRY-B10,1
2019-03-07 22:29:04,POM-LAWRY-B15,1
2019-03-07 22:29:04,POM-LAWRY-B21,1
2019-03-07 22:29:04,POM-LAWRY-B22,1
2019-03-07 22:29:04,POM-LAWRY-B28,1
2019-03-07 22:29:04,POM-LAWRY-B30,1
2019-03-07 22:29:04,POM-LAWRY-B35,1
2019-03-07 22:29:04,POM-LAWRY-B36,1
2019-03-07 22:29:04,POM-LAWRY-C11,1
2019-03-07 22:29:04,POM-LAWRY-C12,1
2019-03-07 22:29:04,POM-LAWRY-C18,1
2019-03-07 22:29:04,POM-LAWRY-C20,1
2019-03-07 22:29:04,POM-LAWRY-C25,1
2019-03-07 22:29:04,POM-LAWRY-C26,1
2019-03-07 22:29:04,POM-LAWRY-C30,1
2019-03-07 22:29:04,POM-LAWRY-C35,1
2019-03-07 22:29:04,POM-LAWRY-C36,1
2019-03-07 22:29:04,POM-LYON-109,1
2019-03-07 22:29:04,POM-LYON-111,1
2019-03-07 22:29:04,POM-LYON-116,1
2019-03-07 22:29:04,POM-LYON-120,1
2019-03-07 22:29:04,POM-LYON-123,1
2019-03-07 22:29:04,POM-LYON-125,1
2019-03-07 22:29:04,POM-LYON-202,1
2019-03-07 22:29:04,POM-LYON-207,1
2019-03-07 22:29:04,POM-LYON-211,1
2019-03-07 22:29:04,POM-LYON-215,1
2019-03-07 22:29:04,POM-LYON-219,1
2019-03-07 22:29:04,POM-LYON-222,1
2019-03-07 22:29:04,POM-LYON-225,1
2019-03-07 22:29:04,POM-LYON-A14,1
2019-03-07 22:29:04,POM-LYON-A2,1
2019-03-07 22:29:04,POM-LYON-B12,1
2019-03-07 22:29:04,POM-MUDD-1,1
2019-03-07 22:29:04,POM-MUDD-111,1
2019-03-07 22:29:04,POM-MUDD-115,1
2019-03-07 22:29:04,POM-MUDD-117,1
2019-03-07 22:29:04,POM-MUDD-119,1
2019-03-07 22:29:04,POM-MUDD-12,1
2019-03-07 22:29:04,POM-MUDD-123,1
2019-03-07 22:29:04,POM-MUDD-125,1
2019-03-07 22:29:04,POM-MUDD-131,1
2019-03-07 22:29:04,POM-MUDD-135,1
2019-03-07 22:29:04,POM-MUDD-138,1
2019-03-07 22:29:04,POM-MUDD-14,1
2019-03-07 22:29:04,POM-MUDD-143,1
2019-03-07 22:29:04,POM-MUDD-153,1
2019-03-07 22:29:04,POM-MUDD-156,1
2019-03-07 22:29:04,POM-MUDD-161,1
2019-03-07 22:29:04,POM-MUDD-164,1
2019-03-07 22:29:04,POM-MUDD-168,1
2019-03-07 22:29:04,POM-MUDD-169,1
2019-03-07 22:29:04,POM-MUDD-17,1
2019-03-07 22:29:04,POM-MUDD-176,1
2019-03-07 22:29:04,POM-MUDD-178,1
2019-03-07 22:29:04,POM-MUDD-180,1
2019-03-07 22:29:04,POM-MUDD-181,1
2019-03-07 22:29:04,POM-MUDD-185,1
2019-03-07 22:29:04,POM-MUDD-186,1
2019-03-07 22:29:04,POM-MUDD-191,1
2019-03-07 22:29:04,POM-MUDD-1K22,1
2019-03-07 22:29:04,POM-MUDD-201,1
2019-03-07 22:29:04,POM-MUDD-202,1
2019-03-07 22:29:04,POM-MUDD-206,1
2019-03-07 22:29:04,POM-MUDD-208,1
2019-03-07 22:29:04,POM-MUDD-212,1
2019-03-07 22:29:04,POM-MUDD-213,1
2019-03-07 22:29:04,POM-MUDD-217,1
2019-03-07 22:29:04,POM-MUDD-218,1
2019-03-07 22:29:04,POM-MUDD-221,1
2019-03-07 22:29:04,POM-MUDD-226,1
2019-03-07 22:29:04,POM-MUDD-231,1
2019-03-07 22:29:04,POM-MUDD-235,1
2019-03-07 22:29:04,POM-MUDD-238,1
2019-03-07 22:29:04,POM-MUDD-24,1
2019-03-07 22:29:04,POM-MUDD-241,1
2019-03-07 22:29:04,POM-MUDD-251,1
2019-03-07 22:29:04,POM-MUDD-252,1
2019-03-07 22:29:04,POM-MUDD-255,1
2019-03-07 22:29:04,POM-MUDD-260,1
2019-03-07 22:29:04,POM-MUDD-263,1
2019-03-07 22:29:04,POM-MUDD-266,1
2019-03-07 22:29:04,POM-MUDD-267,1
2019-03-07 22:29:04,POM-MUDD-269,1
2019-03-07 22:29:04,POM-MUDD-272,1
2019-03-07 22:29:04,POM-MUDD-273,1
2019-03-07 22:29:04,POM-MUDD-278,1
2019-03-07 22:29:04,POM-MUDD-279,1
2019-03-07 22:29:04,POM-MUDD-286,1
2019-03-07 22:29:04,POM-MUDD-289,1
2019-03-07 22:29:04,POM-MUDD-290,1
2019-03-07 22:29:04,POM-MUDD-291,1
2019-03-07 22:29:04,POM-MUDD-291A,1
2019-03-07 22:29:04,POM-MUDD-311,1
2019-03-07 22:29:04,POM-MUDD-314,1
2019-03-07 22:29:04,POM-MUDD-342,1
2019-03-07 22:29:04,POM-MUDD-4B,1
2019-03-07 22:29:04,POM-MUDD-55,1
2019-03-07 22:29:04,POM-MUDD-66,1
2019-03-07 22:29:04,POM-MUDD-9,1
2019-03-07 22:29:04,POM-MUDD-??,1
2019-03-07 22:29:04,POM-MUDD-B001,1
2019-03-07 22:29:04,POM-MUDD-B02,1
2019-03-07 22:29:04,POM-MUDD-B20,1
2019-03-07 22:29:04,POM-MUDD-BK02,1
2019-03-07 22:29:04,POM-MUDD-L2,1
2019-03-07 22:29:04,POM-NORTON-10,1
2019-03-07 22:29:04,POM-NORTON-15,1
2019-03-07 22:29:04,POM-NORTON-22,1
2019-03-07 22:29:04,POM-NORTON-24,1
2019-03-07 22:29:04,POM-NORTON-28,1
2019-03-07 22:29:04,POM-NORTON-3,1
2019-03-07 22:29:04,POM-NORTON-6,1
2019-03-07 22:29:04,POM-OLDENBORG-101,1
2019-03-07 22:29:04,POM-OLDENBORG-106,1
2019-03-07 22:29:04,POM-OLDENBORG-110,1
2019-03-07 22:29:04,POM-OLDENBORG-115,1
2019-03-07 22:29:04,POM-OLDENBORG-119,1
2019-03-07 22:29:04,POM-OLDENBORG-120,1
2019-03-07 22:29:04,POM-OLDENBORG-125,1
2019-03-07 22:29:04,POM-OLDENBORG-129,1
2019-03-07 22:29:04,POM-OLDENBORG-139,1
2019-03-07 22:29:04,POM-OLDENBORG-142,1
2019-03-07 22:29:04,POM-OLDENBORG-147,1
2019-03-07 22:29:04,POM-OLDENBORG-155,1
2019-03-07 22:29:04,POM-OLDENBORG-160,1
2019-03-07 22:29:04,POM-OLDENBORG-164,1
2019-03-07 22:29:04,POM-OLDENBORG-168,1
2019-03-07 22:29:04,POM-OLDENBORG-1N,1
2019-03-07 22:29:04,POM-OLDENBORG-1S,1
2019-03-07 22:29:04,POM-OLDENBORG-202,1
2019-03-07 22:29:04,POM-OLDENBORG-203,1
2019-03-07 22:29:04,POM-OLDENBORG-204,1
2019-03-07 22:29:04,POM-OLDENBORG-207,1
2019-03-07 22:29:04,POM-OLDENBORG-211,1
2019-03-07 22:29:04,POM-OLDENBORG-217,1
2019-03-07 22:29:04,POM-OLDENBORG-221,1
2019-03-07 22:29:04,POM-OLDENBORG-222,1
2019-03-07 22:29:04,POM-OLDENBORG-226,1
2019-03-07 22:29:04,POM-OLDENBORG-230,1
2019-03-07 22:29:04,POM-OLDENBORG-236,1
2019-03-07 22:29:04,POM-OLDENBORG-241,1
2019-03-07 22:29:04,POM-OLDENBORG-245,1
2019-03-07 22:29:04,POM-OLDENBORG-249,1
2019-03-07 22:29:04,POM-OLDENBORG-250,1
2019-03-07 22:29:04,POM-OLDENBORG-251,1
2019-03-07 22:29:04,POM-OLDENBORG-257,1
2019-03-07 22:29:04,POM-OLDENBORG-261,1
2019-03-07 22:29:04,POM-OLDENBORG-265,1
2019-03-07 22:29:04,POM-OLDENBORG-266,1
2019-03-07 22:29:04,POM-OLDENBORG-267,1
2019-03-07 22:29:04,POM-OLDENBORG-2N,1
2019-03-07 22:29:04,POM-OLDENBORG-2S,1
2019-03-07 22:29:04,POM-OLDENBORG-301,1
2019-03-07 22:29:04,POM-OLDENBORG-306,1
2019-03-07 22:29:04,POM-OLDENBORG-309,1
2019-03-07 22:29:04,POM-OLDENBORG-359,1
2019-03-07 22:29:04,POM-OLDENBORG-362,1
2019-03-07 22:29:04,POM-OLDENBORG-368,1
2019-03-07 22:29:04,POM-OLDENBORG-AAA,1
2019-03-07 22:29:04,POM-OLDENBORG-CO100,1
2019-03-07 22:29:04,POM-OLDENBORG-DH100,1
2019-03-07 22:29:04,POM-OLDENBORG-L130,1
2019-03-07 22:29:04,POM-SCC-112,1
2019-03-07 22:29:04,POM-SCC-114,1
2019-03-07 22:29:04,POM-SCC-121,1
2019-03-07 22:29:04,POM-SCC-121-1,1
2019-03-07 22:29:04,POM-SCC-128,1
2019-03-07 22:29:04,POM-SCC-134,1
2019-03-07 22:29:04,POM-SCC-134-1,1
2019-03-07 22:29:04,POM-SCC-148,1
2019-03-07 22:29:04,POM-SCC-155,1
2019-03-07 22:29:04,POM-SCC-155-2,1
2019-03-07 22:29:04,POM-SCC-158,1
2019-03-07 22:29:04,POM-SCC-16D,1
2019-03-07 22:29:04,POM-SCC-16F,1
2019-03-07 22:29:04,POM-SCC-18A,1
2019-03-07 22:29:04,POM-SCC-18D,1
2019-03-07 22:29:04,POM-SCC-201,1
2019-03-07 22:29:04,POM-SCC-208,1
2019-03-07 22:29:04,POM-SCC-216,1
2019-03-07 22:29:04,POM-SCC-218,1
2019-03-07 22:29:04,POM-SCC-228,1
2019-03-07 22:29:04,POM-SCC-235,1
2019-03-07 22:29:04,POM-SCC-240,1
2019-03-07 22:29:04,POM-SCC-246,1
2019-03-07 22:29:04,POM-SCC-25,1
2019-03-07 22:29:04,POM-SCC-30-1,1
2019-03-07 22:29:04,POM-SCC-30-2,1
2019-03-07 22:29:04,POM-SCC-33,1
2019-03-07 22:29:04,POM-SCC-39,1
2019-03-07 22:29:04,POM-SCC-4,1
2019-03-07 22:29:04,POM-SGM-106,1
2019-03-07 22:29:04,POM-SGM-110,1
2019-03-07 22:29:04,POM-SGM-123,1
2019-03-07 22:29:04,POM-SGM-126,1
2019-03-07 22:29:04,POM-SGM-130B,1
2019-03-07 22:29:04,POM-SGM-133,1
2019-03-07 22:29:04,POM-SGM-136,1
2019-03-07 22:29:04,POM-SGM-204,1
2019-03-07 22:29:04,POM-SGM-210,1
2019-03-07 22:29:04,POM-SGM-216,1
2019-03-07 22:29:04,POM-SMILEY-102,1
2019-03-07 22:29:04,POM-SMILEY-109,1
2019-03-07 22:29:04,POM-SMILEY-110,1
2019-03-07 22:29:04,POM-SMILEY-115,1
2019-03-07 22:29:04,POM-SMILEY-203,1
2019-03-07 22:29:04,POM-SMILEY-206,1
2019-03-07 22:29:04,POM-SMILEY-213,1
2019-03-07 22:29:04,POM-SMILEY-216,1
2019-03-07 22:29:04,POM-SMILEY-222,1
2019-03-07 22:29:04,POM-SMILEY-302,1
2019-03-07 22:29:04,POM-SMILEY-307,1
2019-03-07 22:29:04,POM-SMILEY-308,1
2019-03-07 22:29:04,POM-SMILEY-313,1
2019-03-07 22:29:04,POM-SMILEY-316,1
2019-03-07 22:29:04,POM-SMILEY-322,1
2019-03-07 22:29:04,POM-SMILEY-A4,1
2019-03-07 22:29:04,POM-SONTAG-110,1
2019-03-07 22:29:04,POM-SONTAG-120,1
2019-03-07 22:29:04,POM-SONTAG-130,1
2019-03-07 22:29:04,POM-SONTAG-140,1
2019-03-07 22:29:04,POM-SONTAG-150,1
2019-03-07 22:29:04,POM-SONTAG-160,1
2019-03-07 22:29:04,POM-SONTAG-176,1
2019-03-07 22:29:04,POM-SONTAG-178,1
2019-03-07 22:29:04,POM-SONTAG-200,1
2019-03-07 22:29:04,POM-SONTAG-210,1
2019-03-07 22:29:04,POM-SONTAG-220,1
2019-03-07 22:29:04,POM-SONTAG-233,1
2019-03-07 22:29:04,POM-SONTAG-240,1
2019-03-07 22:29:04,POM-SONTAG-250,1
2019-03-07 22:29:04,POM-SONTAG-260,1
2019-03-07 22:29:04,POM-SONTAG-276,1
2019-03-07 22:29:04,POM-SONTAG-300,1
2019-03-07 22:29:04,POM-SONTAG-310,1
2019-03-07 22:29:04,POM-SONTAG-320,1
2019-03-07 22:29:04,POM-SONTAG-333,1
2019-03-07 22:29:04,POM-SONTAG-343,1
2019-03-07 22:29:04,POM-SONTAG-355,1
2019-03-07 22:29:04,POM-SONTAG-357,1
2019-03-07 22:29:04,POM-SONTAG-AAA,1
2019-03-07 22:29:04,POM-SONTAG-BBB,1
2019-03-07 22:29:04,POM-SUMNER-002,1
2019-03-07 22:29:04,POM-SUMNER-007,1
2019-03-07 22:29:04,POM-SUMNER-012,1
2019-03-07 22:29:04,POM-SUMNER-017,1
2019-03-07 22:29:04,POM-SUMNER-101,1
2019-03-07 22:29:04,POM-SUMNER-105,1
2019-03-07 22:29:04,POM-SUMNER-107,1
2019-03-07 22:29:04,POM-SUMNER-111,1
2019-03-07 22:29:04,POM-SUMNER-116,1
2019-03-07 22:29:04,POM-SUMNER-118SW,1
2019-03-07 22:29:04,POM-SUMNER-201,1
2019-03-07 22:29:04,POM-SUMNER-204,1
2019-03-07 22:29:04,POM-SUMNER-208,1
2019-03-07 22:29:04,POM-SUMNER-209B,1
2019-03-07 22:29:04,POM-SUMNER-212,1
2019-03-07 22:29:04,POM-SUMNER-221,1
2019-03-07 22:29:04,POM-SUMNER-H-4,1
2019-03-07 22:29:04,POM-WALKER-101,1
2019-03-07 22:29:04,POM-WALKER-106,1
2019-03-07 22:29:04,POM-WALKER-107,1
2019-03-07 22:29:04,POM-WALKER-107A,1
2019-03-07 22:29:04,POM-WALKER-203,1
2019-03-07 22:29:04,POM-WALKER-207,1
2019-03-07 22:29:04,POM-WALKER-606,1
2019-03-07 22:29:04,POM-WALKER-610,1
2019-03-07 22:29:04,POM-WALKER-612,1
2019-03-07 22:29:04,POM-WALKER-616,1
2019-03-07 22:29:04,POM-WALKER-620,1
2019-03-07 22:29:04,POM-WALKER-624,1
2019-03-07 22:29:04,POM-WALKER-627,1
2019-03-07 22:29:04,POM-WALKER-628,1
2019-03-07 22:29:04,POM-WALKER-638,1
2019-03-07 22:29:04,POM-WALKER-653,1
2019-03-07 22:29:04,POM-WALKER-654,1
2019-03-07 22:29:04,POM-WALKER-657,1
2019-03-07 22:29:04,POM-WALKER-708,1
2019-03-07 22:29:04,POM-WALKER-712,1
2019-03-07 22:29:04,POM-WALKER-717,1
2019-03-07 22:29:04,POM-WALKER-722,1
2019-03-07 22:29:04,POM-WALKER-728,1
2019-03-07 22:29:04,POM-WALKER-739,1
2019-03-07 22:29:04,POM-WALKER-747,1
2019-03-07 22:29:04,POM-WALKER-753,1
2019-03-07 22:29:04,POM-WALKER-B08,1
2019-03-07 22:29:04,POM-WALKER-B14,1
2019-03-07 22:29:04,POM-WALKER-B18,1
2019-03-07 22:29:04,POM-WIG-101,1
2019-03-07 22:29:04,POM-WIG-102,1
2019-03-07 22:29:04,POM-WIG-108,1
2019-03-07 22:29:04,POM-WIG-109,1
2019-03-07 22:29:04,POM-WIG-11,1
2019-03-07 22:29:04,POM-WIG-116,1
2019-03-07 22:29:04,POM-WIG-12,1
2019-03-07 22:29:04,POM-WIG-120,1
2019-03-07 22:29:04,POM-WIG-125,1
2019-03-07 22:29:04,POM-WIG-128,1
2019-03-07 22:29:04,POM-WIG-133,1
2019-03-07 22:29:04,POM-WIG-19,1
2019-03-07 22:29:04,POM-WIG-20,1
2019-03-07 22:29:04,POM-WIG-200,1
2019-03-07 22:29:04,POM-WIG-205,1
2019-03-07 22:29:04,POM-WIG-206,1
2019-03-07 22:29:04,POM-WIG-213,1
2019-03-07 22:29:04,POM-WIG-214,1
2019-03-07 22:29:04,POM-WIG-217,1
2019-03-07 22:29:04,POM-WIG-220,1
2019-03-07 22:29:04,POM-WIG-24,1
2019-03-07 22:29:04,POM-WIG-3,1
2019-03-07 22:29:04,POM-WIG-6,1
2019-03-07 22:29:04,POM-WIG-A110,1
2019-03-07 22:29:04,POM-WIG-S003,1
